Shruti|Nagarkanti|99500
Shruti|Nagarkanti|99501
Sarayu|Nagarkanti|99502
Sarayu|Nagarikanti|99503
Sravani|Nagarikanti|99504
Sravani|Nagarikanti|99505
Shruti|Nagarakanti|99506
Shruti|Nagarakanti|99507
Sarayu|Nagarakanti|99508
Sarayu|Nagarkanti|99509
Sravani|Nagarkanti|99510
Sravani|Nagarkanti|99511
Shruti|Nagarikanti|99512
Shruti|Nagarikanti|99513
Sarayu|Nagarikanti|99514
Sarayu|Nagarakanti|99515
Sravani|Nagarakanti|99516
Sravani|Nagarakanti|99517
Shruti|Nagarkanti|99518
Shruti|Nagarkanti|99519
Sarayu|Nagarkanti|99520
Sarayu|Nagarikanti|99521
Sravani|Nagarikanti|99522
Sravani|Nagarikanti|99523
Shruti|Nagarakanti|99524
Shruti|Nagarakanti|99525
Sarayu|Nagarakanti|99526
Sarayu|Nagarkanti|99527
Sravani|Nagarkanti|99528
Sravani|Nagarkanti|99529
Shruti|Nagarikanti|99530
Shruti|Nagarikanti|99531
Sarayu|Nagarikanti|99532
Sarayu|Nagarakanti|99533
Sravani|Nagarakanti|99534
Sravani|Nagarakanti|99535
Shruti|Nagarkanti|99536
Shruti|Nagarkanti|99537
Sarayu|Nagarkanti|99538
Sarayu|Nagarikanti|99539
Sravani|Nagarikanti|99540
Sravani|Nagarikanti|99541
Shruti|Nagarakanti|99542
Shruti|Nagarakanti|99543
Sarayu|Nagarakanti|99544
Sarayu|Nagarkanti|99545
Sravani|Nagarkanti|99546
Sravani|Nagarkanti|99547
Shruti|Nagarikanti|99548
Shruti|Nagarikanti|99549
Sarayu|Nagarikanti|99550
Sarayu|Nagarakanti|99551
Sravani|Nagarakanti|99552
Sravani|Nagarakanti|99553
Shruti|Nagarkanti|99554
Shruti|Nagarkanti|99555
Sarayu|Nagarkanti|99556
Sarayu|Nagarikanti|99557
Sravani|Nagarikanti|99558
Sravani|Nagarikanti|99559
Shruti|Nagarakanti|99560
Shruti|Nagarakanti|99561
Sarayu|Nagarakanti|99562
Sarayu|Nagarkanti|99563
Sravani|Nagarkanti|99564
Sravani|Nagarkanti|99565
Shruti|Nagarikanti|99566
Shruti|Nagarikanti|99567
Sarayu|Nagarikanti|99568
Sarayu|Nagarakanti|99569
Sravani|Nagarakanti|99570
Sravani|Nagarakanti|99571
Shruti|Nagarkanti|99572
Shruti|Nagarkanti|99573
Sarayu|Nagarkanti|99574
Sarayu|Nagarikanti|99575
Sravani|Nagarikanti|99576
Sravani|Nagarikanti|99577
Shruti|Nagarakanti|99578
Shruti|Nagarakanti|99579
Sarayu|Nagarakanti|99580
Sarayu|Nagarkanti|99581
Sravani|Nagarkanti|99582
Sravani|Nagarkanti|99583
Shruti|Nagarikanti|99584
Shruti|Nagarikanti|99585
Sarayu|Nagarikanti|99586
Sarayu|Nagarakanti|99587
Sravani|Nagarakanti|99588
Sravani|Nagarakanti|99589
Shruti|Nagarkanti|99590
Shruti|Nagarkanti|99591
Sarayu|Nagarkanti|99592
Sarayu|Nagarikanti|99593
Sravani|Nagarikanti|99594
Sravani|Nagarikanti|99595
Shruti|Nagarakanti|99596
Shruti|Nagarakanti|99597
Sarayu|Nagarakanti|99598
Sarayu|Nagarkanti|99599
Sravani|Nagarkanti|99600
Sravani|Nagarkanti|99601
Shruti|Nagarikanti|99602
Shruti|Nagarikanti|99603
Sarayu|Nagarikanti|99604
Sarayu|Nagarakanti|99605
Sravani|Nagarakanti|99606
Sravani|Nagarakanti|99607
Shruti|Nagarkanti|99608
Shruti|Nagarkanti|99609
Sarayu|Nagarkanti|99610
Sarayu|Nagarikanti|99611
Sravani|Nagarikanti|99612
Sravani|Nagarikanti|99613
Shruti|Nagarakanti|99614
Shruti|Nagarakanti|99615
Sarayu|Nagarakanti|99616
Sarayu|Nagarkanti|99617
Sravani|Nagarkanti|99618
Sravani|Nagarkanti|99619
Shruti|Nagarikanti|99620
Shruti|Nagarikanti|99621
Sarayu|Nagarikanti|99622
Sarayu|Nagarakanti|99623
Sravani|Nagarakanti|99624
Sravani|Nagarakanti|99625
Shruti|Nagarkanti|99626
Shruti|Nagarkanti|99627
Sarayu|Nagarkanti|99628
Sarayu|Nagarikanti|99629
Sravani|Nagarikanti|99630
Sravani|Nagarikanti|99631
Shruti|Nagarakanti|99632
Shruti|Nagarakanti|99633
Sarayu|Nagarakanti|99634
Sarayu|Nagarkanti|99635
Sravani|Nagarkanti|99636
Sravani|Nagarkanti|99637
Shruti|Nagarikanti|99638
Shruti|Nagarikanti|99639
Sarayu|Nagarikanti|99640
Sarayu|Nagarakanti|99641
Sravani|Nagarakanti|99642
Sravani|Nagarakanti|99643
Shruti|Nagarkanti|99644
Shruti|Nagarkanti|99645
Sarayu|Nagarkanti|99646
Sarayu|Nagarikanti|99647
Sravani|Nagarikanti|99648
Sravani|Nagarikanti|99649
Shruti|Nagarakanti|99650
Shruti|Nagarakanti|99651
Sarayu|Nagarakanti|99652
Sarayu|Nagarkanti|99653
Sravani|Nagarkanti|99654
Sravani|Nagarkanti|99655
Shruti|Nagarikanti|99656
Shruti|Nagarikanti|99657
Sarayu|Nagarikanti|99658
Sarayu|Nagarakanti|99659
Sravani|Nagarakanti|99660
Sravani|Nagarakanti|99661
Shruti|Nagarkanti|99662
Shruti|Nagarkanti|99663
Sarayu|Nagarkanti|99664
Sarayu|Nagarikanti|99665
Sravani|Nagarikanti|99666
Sravani|Nagarikanti|99667
Shruti|Nagarakanti|99668
Shruti|Nagarakanti|99669
Sarayu|Nagarakanti|99670
Sarayu|Nagarkanti|99671
Sravani|Nagarkanti|99672
Sravani|Nagarkanti|99673
Shruti|Nagarikanti|99674
Shruti|Nagarikanti|99675
Sarayu|Nagarikanti|99676
Sarayu|Nagarakanti|99677
Sravani|Nagarakanti|99678
Sravani|Nagarakanti|99679
Shruti|Nagarkanti|99680
Shruti|Nagarkanti|99681
Sarayu|Nagarkanti|99682
Sarayu|Nagarikanti|99683
Sravani|Nagarikanti|99684
Sravani|Nagarikanti|99685
Shruti|Nagarakanti|99686
Shruti|Nagarakanti|99687
Sarayu|Nagarakanti|99688
Sarayu|Nagarkanti|99689
Sravani|Nagarkanti|99690
Sravani|Nagarkanti|99691
Shruti|Nagarikanti|99692
Shruti|Nagarikanti|99693
Sarayu|Nagarikanti|99694
Sarayu|Nagarakanti|99695
Sravani|Nagarakanti|99696
Sravani|Nagarakanti|99697
Shruti|Nagarkanti|99698
Shruti|Nagarkanti|99699
Sarayu|Nagarkanti|99700
Sarayu|Nagarikanti|99701
Sravani|Nagarikanti|99702
Sravani|Nagarikanti|99703
Shruti|Nagarakanti|99704
Shruti|Nagarakanti|99705
Sarayu|Nagarakanti|99706
Sarayu|Nagarkanti|99707
Sravani|Nagarkanti|99708
Sravani|Nagarkanti|99709
Shruti|Nagarikanti|99710
Shruti|Nagarikanti|99711
Sarayu|Nagarikanti|99712
Sarayu|Nagarakanti|99713
Sravani|Nagarakanti|99714
Sravani|Nagarakanti|99715
Shruti|Nagarkanti|99716
Shruti|Nagarkanti|99717
Sarayu|Nagarkanti|99718
Sarayu|Nagarikanti|99719
Sravani|Nagarikanti|99720
Sravani|Nagarikanti|99721
Shruti|Nagarakanti|99722
Shruti|Nagarakanti|99723
Sarayu|Nagarakanti|99724
Sarayu|Nagarkanti|99725
Sravani|Nagarkanti|99726
Sravani|Nagarkanti|99727
Shruti|Nagarikanti|99728
Shruti|Nagarikanti|99729
Sarayu|Nagarikanti|99730
Sarayu|Nagarakanti|99731
Sravani|Nagarakanti|99732
Sravani|Nagarakanti|99733
Shruti|Nagarkanti|99734
Shruti|Nagarkanti|99735
Sarayu|Nagarkanti|99736
Sarayu|Nagarikanti|99737
Sravani|Nagarikanti|99738
Sravani|Nagarikanti|99739
Shruti|Nagarakanti|99740
Shruti|Nagarakanti|99741
Sarayu|Nagarakanti|99742
Sarayu|Nagarkanti|99743
Sravani|Nagarkanti|99744
Sravani|Nagarkanti|99745
Shruti|Nagarikanti|99746
Shruti|Nagarikanti|99747
Sarayu|Nagarikanti|99748
Sarayu|Nagarakanti|99749
Sravani|Nagarakanti|99750
Sravani|Nagarakanti|99751
Shruti|Nagarkanti|99752
Shruti|Nagarkanti|99753
Sarayu|Nagarkanti|99754
Sarayu|Nagarikanti|99755
Sravani|Nagarikanti|99756
Sravani|Nagarikanti|99757
Shruti|Nagarakanti|99758
Shruti|Nagarakanti|99759
Sarayu|Nagarakanti|99760
Sarayu|Nagarkanti|99761
Sravani|Nagarkanti|99762
Sravani|Nagarkanti|99763
Shruti|Nagarikanti|99764
Shruti|Nagarikanti|99765
Sarayu|Nagarikanti|99766
Sarayu|Nagarakanti|99767
Sravani|Nagarakanti|99768
Sravani|Nagarakanti|99769
Shruti|Nagarkanti|99770
Shruti|Nagarkanti|99771
Sarayu|Nagarkanti|99772
Sarayu|Nagarikanti|99773
Sravani|Nagarikanti|99774
Sravani|Nagarikanti|99775
Shruti|Nagarakanti|99776
Shruti|Nagarakanti|99777
Sarayu|Nagarakanti|99778
Sarayu|Nagarkanti|99779
Sravani|Nagarkanti|99780
Sravani|Nagarkanti|99781
Shruti|Nagarikanti|99782
Shruti|Nagarikanti|99783
Sarayu|Nagarikanti|99784
Sarayu|Nagarakanti|99785
Sravani|Nagarakanti|99786
Sravani|Nagarakanti|99787
Shruti|Nagarkanti|99788
Shruti|Nagarkanti|99789
Sarayu|Nagarkanti|99790
Sarayu|Nagarikanti|99791
Sravani|Nagarikanti|99792
Sravani|Nagarikanti|99793
Shruti|Nagarakanti|99794
Shruti|Nagarakanti|99795
Sarayu|Nagarakanti|99796
Sarayu|Nagarkanti|99797
Sravani|Nagarkanti|99798
Sravani|Nagarkanti|99799
Shruti|Nagarikanti|99800
Shruti|Nagarikanti|99801
Sarayu|Nagarikanti|99802
Sarayu|Nagarakanti|99803
Sravani|Nagarakanti|99804
Sravani|Nagarakanti|99805
Shruti|Nagarkanti|99806
Shruti|Nagarkanti|99807
Sarayu|Nagarkanti|99808
Sarayu|Nagarikanti|99809
Sravani|Nagarikanti|99810
Sravani|Nagarikanti|99811
Shruti|Nagarakanti|99812
Shruti|Nagarakanti|99813
Sarayu|Nagarakanti|99814
Sarayu|Nagarkanti|99815
Sravani|Nagarkanti|99816
Sravani|Nagarkanti|99817
Shruti|Nagarikanti|99818
Shruti|Nagarikanti|99819
Sarayu|Nagarikanti|99820
Sarayu|Nagarakanti|99821
Sravani|Nagarakanti|99822
Sravani|Nagarakanti|99823
Shruti|Nagarkanti|99824
Shruti|Nagarkanti|99825
Sarayu|Nagarkanti|99826
Sarayu|Nagarikanti|99827
Sravani|Nagarikanti|99828
Sravani|Nagarikanti|99829
Shruti|Nagarakanti|99830
Shruti|Nagarakanti|99831
Sarayu|Nagarakanti|99832
Sarayu|Nagarkanti|99833
Sravani|Nagarkanti|99834
Sravani|Nagarkanti|99835
Shruti|Nagarikanti|99836
Shruti|Nagarikanti|99837
Sarayu|Nagarikanti|99838
Sarayu|Nagarakanti|99839
Sravani|Nagarakanti|99840
Sravani|Nagarakanti|99841
Shruti|Nagarkanti|99842
Shruti|Nagarkanti|99843
Sarayu|Nagarkanti|99844
Sarayu|Nagarikanti|99845
Sravani|Nagarikanti|99846
Sravani|Nagarikanti|99847
Shruti|Nagarakanti|99848
Shruti|Nagarakanti|99849
Sarayu|Nagarakanti|99850
Sarayu|Nagarkanti|99851
Sravani|Nagarkanti|99852
Sravani|Nagarkanti|99853
Shruti|Nagarikanti|99854
Shruti|Nagarikanti|99855
Sarayu|Nagarikanti|99856
Sarayu|Nagarakanti|99857
Sravani|Nagarakanti|99858
Sravani|Nagarakanti|99859
Shruti|Nagarkanti|99860
Shruti|Nagarkanti|99861
Sarayu|Nagarkanti|99862
Sarayu|Nagarikanti|99863
Sravani|Nagarikanti|99864
Sravani|Nagarikanti|99865
Shruti|Nagarakanti|99866
Shruti|Nagarakanti|99867
Sarayu|Nagarakanti|99868
Sarayu|Nagarkanti|99869
Sravani|Nagarkanti|99870
Sravani|Nagarkanti|99871
Shruti|Nagarikanti|99872
Shruti|Nagarikanti|99873
Sarayu|Nagarikanti|99874
Sarayu|Nagarakanti|99875
Sravani|Nagarakanti|99876
Sravani|Nagarakanti|99877
Shruti|Nagarkanti|99878
Shruti|Nagarkanti|99879
Sarayu|Nagarkanti|99880
Sarayu|Nagarikanti|99881
Sravani|Nagarikanti|99882
Sravani|Nagarikanti|99883
Shruti|Nagarakanti|99884
Shruti|Nagarakanti|99885
Sarayu|Nagarakanti|99886
Sarayu|Nagarkanti|99887
Sravani|Nagarkanti|99888
Sravani|Nagarkanti|99889
Shruti|Nagarikanti|99890
Shruti|Nagarikanti|99891
Sarayu|Nagarikanti|99892
Sarayu|Nagarakanti|99893
Sravani|Nagarakanti|99894
Sravani|Nagarakanti|99895
Shruti|Nagarkanti|99896
Shruti|Nagarkanti|99897
Sarayu|Nagarkanti|99898
Sarayu|Nagarikanti|99899
Sravani|Nagarikanti|99900
Sravani|Nagarikanti|99901
Shruti|Nagarakanti|99902
Shruti|Nagarakanti|99903
Sarayu|Nagarakanti|99904
Sarayu|Nagarkanti|99905
Sravani|Nagarkanti|99906
Sravani|Nagarkanti|99907
Shruti|Nagarikanti|99908
Shruti|Nagarikanti|99909
Sarayu|Nagarikanti|99910
Sarayu|Nagarakanti|99911
Sravani|Nagarakanti|99912
Sravani|Nagarakanti|99913
Shruti|Nagarkanti|99914
Shruti|Nagarkanti|99915
Sarayu|Nagarkanti|99916
Sarayu|Nagarikanti|99917
Sravani|Nagarikanti|99918
Sravani|Nagarikanti|99919
Shruti|Nagarakanti|99920
Shruti|Nagarakanti|99921
Sarayu|Nagarakanti|99922
Sarayu|Nagarkanti|99923
Sravani|Nagarkanti|99924
Sravani|Nagarkanti|99925
Shruti|Nagarikanti|99926
Shruti|Nagarikanti|99927
Sarayu|Nagarikanti|99928
Sarayu|Nagarakanti|99929
Sravani|Nagarakanti|99930
Sravani|Nagarakanti|99931
Shruti|Nagarkanti|99932
Shruti|Nagarkanti|99933
Sarayu|Nagarkanti|99934
Sarayu|Nagarikanti|99935
Sravani|Nagarikanti|99936
Sravani|Nagarikanti|99937
Shruti|Nagarakanti|99938
Shruti|Nagarakanti|99939
Sarayu|Nagarakanti|99940
Sarayu|Nagarkanti|99941
Sravani|Nagarkanti|99942
Sravani|Nagarkanti|99943
Shruti|Nagarikanti|99944
Shruti|Nagarikanti|99945
Sarayu|Nagarikanti|99946
Sarayu|Nagarakanti|99947
Sravani|Nagarakanti|99948
Sravani|Nagarakanti|99949
Shruti|Nagarkanti|99950
Shruti|Nagarkanti|99951
Sarayu|Nagarkanti|99952
Sarayu|Nagarikanti|99953
Sravani|Nagarikanti|99954
Sravani|Nagarikanti|99955
Shruti|Nagarakanti|99956
Shruti|Nagarakanti|99957
Sarayu|Nagarakanti|99958
Sarayu|Nagarkanti|99959
Sravani|Nagarkanti|99960
Sravani|Nagarkanti|99961
Shruti|Nagarikanti|99962
Shruti|Nagarikanti|99963
Sarayu|Nagarikanti|99964
Sarayu|Nagarakanti|99965
Sravani|Nagarakanti|99966
Sravani|Nagarakanti|99967
Shruti|Nagarkanti|99968
Shruti|Nagarkanti|99969
Sarayu|Nagarkanti|99970
Sarayu|Nagarikanti|99971
Sravani|Nagarikanti|99972
Sravani|Nagarikanti|99973
Shruti|Nagarakanti|99974
Shruti|Nagarakanti|99975
Sarayu|Nagarakanti|99976
Sarayu|Nagarkanti|99977
Sravani|Nagarkanti|99978
Sravani|Nagarkanti|99979
Shruti|Nagarikanti|99980
Shruti|Nagarikanti|99981
Sarayu|Nagarikanti|99982
Sarayu|Nagarakanti|99983
Sravani|Nagarakanti|99984
Sravani|Nagarakanti|99985
Shruti|Nagarkanti|99986
Shruti|Nagarkanti|99987
Sarayu|Nagarkanti|99988
Sarayu|Nagarikanti|99989
Sravani|Nagarikanti|99990
Sravani|Nagarikanti|99991
Shruti|Nagarakanti|99992
Shruti|Nagarakanti|99993
Sarayu|Nagarakanti|99994
Sarayu|Nagarkanti|99995
Sravani|Nagarkanti|99996
Sravani|Nagarkanti|99997
Shruti|Nagarikanti|99998
Shruti|Nagarikanti|99999
Sarayu|Nagarikanti|100000
Sarayu|Nagarakanti|100001
Sravani|Nagarakanti|100002
Sravani|Nagarakanti|100003
Shruti|Nagarkanti|100004
Shruti|Nagarkanti|100005
Sarayu|Nagarkanti|100006
Sarayu|Nagarikanti|100007
Sravani|Nagarikanti|100008
Sravani|Nagarikanti|100009
Shruti|Nagarakanti|100010
Shruti|Nagarakanti|100011
Sarayu|Nagarakanti|100012
Sarayu|Nagarkanti|100013
Sravani|Nagarkanti|100014
Sravani|Nagarkanti|100015
Shruti|Nagarikanti|100016
Shruti|Nagarikanti|100017
Sarayu|Nagarikanti|100018
Sarayu|Nagarakanti|100019
Sravani|Nagarakanti|100020
Sravani|Nagarakanti|100021
Shruti|Nagarkanti|100022
Shruti|Nagarkanti|100023
Sarayu|Nagarkanti|100024
Sarayu|Nagarikanti|100025
Sravani|Nagarikanti|100026
Sravani|Nagarikanti|100027
Shruti|Nagarakanti|100028
Shruti|Nagarakanti|100029
Sarayu|Nagarakanti|100030
Sarayu|Nagarkanti|100031
Sravani|Nagarkanti|100032
Sravani|Nagarkanti|100033
Shruti|Nagarikanti|100034
Shruti|Nagarikanti|100035
Sarayu|Nagarikanti|100036
Sarayu|Nagarakanti|100037
Sravani|Nagarakanti|100038
Sravani|Nagarakanti|100039
Shruti|Nagarkanti|100040
Shruti|Nagarkanti|100041
Sarayu|Nagarkanti|100042
Sarayu|Nagarikanti|100043
Sravani|Nagarikanti|100044
Sravani|Nagarikanti|100045
Shruti|Nagarakanti|100046
Shruti|Nagarakanti|100047
Sarayu|Nagarakanti|100048
Sarayu|Nagarkanti|100049
Sravani|Nagarkanti|100050
Sravani|Nagarkanti|100051
Shruti|Nagarikanti|100052
Shruti|Nagarikanti|100053
Sarayu|Nagarikanti|100054
Sarayu|Nagarakanti|100055
Sravani|Nagarakanti|100056
Sravani|Nagarakanti|100057
Shruti|Nagarkanti|100058
Shruti|Nagarkanti|100059
Sarayu|Nagarkanti|100060
Sarayu|Nagarikanti|100061
Sravani|Nagarikanti|100062
Sravani|Nagarikanti|100063
Shruti|Nagarakanti|100064
Shruti|Nagarakanti|100065
Sarayu|Nagarakanti|100066
Sarayu|Nagarkanti|100067
Sravani|Nagarkanti|100068
Sravani|Nagarkanti|100069
Shruti|Nagarikanti|100070
Shruti|Nagarikanti|100071
Sarayu|Nagarikanti|100072
Sarayu|Nagarakanti|100073
Sravani|Nagarakanti|100074
Sravani|Nagarakanti|100075
Shruti|Nagarkanti|100076
Shruti|Nagarkanti|100077
Sarayu|Nagarkanti|100078
Sarayu|Nagarikanti|100079
Sravani|Nagarikanti|100080
Sravani|Nagarikanti|100081
Shruti|Nagarakanti|100082
Shruti|Nagarakanti|100083
Sarayu|Nagarakanti|100084
Sarayu|Nagarkanti|100085
Sravani|Nagarkanti|100086
Sravani|Nagarkanti|100087
Shruti|Nagarikanti|100088
Shruti|Nagarikanti|100089
Sarayu|Nagarikanti|100090
Sarayu|Nagarakanti|100091
Sravani|Nagarakanti|100092
Sravani|Nagarakanti|100093
Shruti|Nagarkanti|100094
Shruti|Nagarkanti|100095
Sarayu|Nagarkanti|100096
Sarayu|Nagarikanti|100097
Sravani|Nagarikanti|100098
Sravani|Nagarikanti|100099
Shruti|Nagarakanti|100100
Shruti|Nagarakanti|100101
Sarayu|Nagarakanti|100102
Sarayu|Nagarkanti|100103
Sravani|Nagarkanti|100104
Sravani|Nagarkanti|100105
Shruti|Nagarikanti|100106
Shruti|Nagarikanti|100107
Sarayu|Nagarikanti|100108
Sarayu|Nagarakanti|100109
Sravani|Nagarakanti|100110
Sravani|Nagarakanti|100111
Shruti|Nagarkanti|100112
Shruti|Nagarkanti|100113
Sarayu|Nagarkanti|100114
Sarayu|Nagarikanti|100115
Sravani|Nagarikanti|100116
Sravani|Nagarikanti|100117
Shruti|Nagarakanti|100118
Shruti|Nagarakanti|100119
Sarayu|Nagarakanti|100120
Sarayu|Nagarkanti|100121
Sravani|Nagarkanti|100122
Sravani|Nagarkanti|100123
Shruti|Nagarikanti|100124
Shruti|Nagarikanti|100125
Sarayu|Nagarikanti|100126
Sarayu|Nagarakanti|100127
Sravani|Nagarakanti|100128
Sravani|Nagarakanti|100129
Shruti|Nagarkanti|100130
Shruti|Nagarkanti|100131
Sarayu|Nagarkanti|100132
Sarayu|Nagarikanti|100133
Sravani|Nagarikanti|100134
Sravani|Nagarikanti|100135
Shruti|Nagarakanti|100136
Shruti|Nagarakanti|100137
Sarayu|Nagarakanti|100138
Sarayu|Nagarkanti|100139
Sravani|Nagarkanti|100140
Sravani|Nagarkanti|100141
Shruti|Nagarikanti|100142
Shruti|Nagarikanti|100143
Sarayu|Nagarikanti|100144
Sarayu|Nagarakanti|100145
Sravani|Nagarakanti|100146
Sravani|Nagarakanti|100147
Shruti|Nagarkanti|100148
Shruti|Nagarkanti|100149
Sarayu|Nagarkanti|100150
Sarayu|Nagarikanti|100151
Sravani|Nagarikanti|100152
Sravani|Nagarikanti|100153
Shruti|Nagarakanti|100154
Shruti|Nagarakanti|100155
Sarayu|Nagarakanti|100156
Sarayu|Nagarkanti|100157
Sravani|Nagarkanti|100158
Sravani|Nagarkanti|100159
Shruti|Nagarikanti|100160
Shruti|Nagarikanti|100161
Sarayu|Nagarikanti|100162
Sarayu|Nagarakanti|100163
Sravani|Nagarakanti|100164
Sravani|Nagarakanti|100165
Shruti|Nagarkanti|100166
Shruti|Nagarkanti|100167
Sarayu|Nagarkanti|100168
Sarayu|Nagarikanti|100169
Sravani|Nagarikanti|100170
Sravani|Nagarikanti|100171
Shruti|Nagarakanti|100172
Shruti|Nagarakanti|100173
Sarayu|Nagarakanti|100174
Sarayu|Nagarkanti|100175
Sravani|Nagarkanti|100176
Sravani|Nagarkanti|100177
Shruti|Nagarikanti|100178
Shruti|Nagarikanti|100179
Sarayu|Nagarikanti|100180
Sarayu|Nagarakanti|100181
Sravani|Nagarakanti|100182
Sravani|Nagarakanti|100183
Shruti|Nagarkanti|100184
Shruti|Nagarkanti|100185
Sarayu|Nagarkanti|100186
Sarayu|Nagarikanti|100187
Sravani|Nagarikanti|100188
Sravani|Nagarikanti|100189
Shruti|Nagarakanti|100190
Shruti|Nagarakanti|100191
Sarayu|Nagarakanti|100192
Sarayu|Nagarkanti|100193
Sravani|Nagarkanti|100194
Sravani|Nagarkanti|100195
Shruti|Nagarikanti|100196
Shruti|Nagarikanti|100197
Sarayu|Nagarikanti|100198
Sarayu|Nagarakanti|100199
Sravani|Nagarakanti|100200
Sravani|Nagarakanti|100201
Shruti|Nagarkanti|100202
Shruti|Nagarkanti|100203
Sarayu|Nagarkanti|100204
Sarayu|Nagarikanti|100205
Sravani|Nagarikanti|100206
Sravani|Nagarikanti|100207
Shruti|Nagarakanti|100208
Shruti|Nagarakanti|100209
Sarayu|Nagarakanti|100210
Sarayu|Nagarkanti|100211
Sravani|Nagarkanti|100212
Sravani|Nagarkanti|100213
Shruti|Nagarikanti|100214
Shruti|Nagarikanti|100215
Sarayu|Nagarikanti|100216
Sarayu|Nagarakanti|100217
Sravani|Nagarakanti|100218
Sravani|Nagarakanti|100219
Shruti|Nagarkanti|100220
Shruti|Nagarkanti|100221
Sarayu|Nagarkanti|100222
Sarayu|Nagarikanti|100223
Sravani|Nagarikanti|100224
Sravani|Nagarikanti|100225
Shruti|Nagarakanti|100226
Shruti|Nagarakanti|100227
Sarayu|Nagarakanti|100228
Sarayu|Nagarkanti|100229
Sravani|Nagarkanti|100230
Sravani|Nagarkanti|100231
Shruti|Nagarikanti|100232
Shruti|Nagarikanti|100233
Sarayu|Nagarikanti|100234
Sarayu|Nagarakanti|100235
Sravani|Nagarakanti|100236
Sravani|Nagarakanti|100237
Shruti|Nagarkanti|100238
Shruti|Nagarkanti|100239
Sarayu|Nagarkanti|100240
Sarayu|Nagarikanti|100241
Sravani|Nagarikanti|100242
Sravani|Nagarikanti|100243
Shruti|Nagarakanti|100244
Shruti|Nagarakanti|100245
Sarayu|Nagarakanti|100246
Sarayu|Nagarkanti|100247
Sravani|Nagarkanti|100248
Sravani|Nagarkanti|100249
Shruti|Nagarikanti|100250
Shruti|Nagarikanti|100251
Sarayu|Nagarikanti|100252
Sarayu|Nagarakanti|100253
Sravani|Nagarakanti|100254
Sravani|Nagarakanti|100255
Shruti|Nagarkanti|100256
Shruti|Nagarkanti|100257
Sarayu|Nagarkanti|100258
Sarayu|Nagarikanti|100259
Sravani|Nagarikanti|100260
Sravani|Nagarikanti|100261
Shruti|Nagarakanti|100262
Shruti|Nagarakanti|100263
Sarayu|Nagarakanti|100264
Sarayu|Nagarkanti|100265
Sravani|Nagarkanti|100266
Sravani|Nagarkanti|100267
Shruti|Nagarikanti|100268
Shruti|Nagarikanti|100269
Sarayu|Nagarikanti|100270
Sarayu|Nagarakanti|100271
Sravani|Nagarakanti|100272
Sravani|Nagarakanti|100273
Shruti|Nagarkanti|100274
Shruti|Nagarkanti|100275
Sarayu|Nagarkanti|100276
Sarayu|Nagarikanti|100277
Sravani|Nagarikanti|100278
Sravani|Nagarikanti|100279
Shruti|Nagarakanti|100280
Shruti|Nagarakanti|100281
Sarayu|Nagarakanti|100282
Sarayu|Nagarkanti|100283
Sravani|Nagarkanti|100284
Sravani|Nagarkanti|100285
Shruti|Nagarikanti|100286
Shruti|Nagarikanti|100287
Sarayu|Nagarikanti|100288
Sarayu|Nagarakanti|100289
Sravani|Nagarakanti|100290
Sravani|Nagarakanti|100291
Shruti|Nagarkanti|100292
Shruti|Nagarkanti|100293
Sarayu|Nagarkanti|100294
Sarayu|Nagarikanti|100295
Sravani|Nagarikanti|100296
Sravani|Nagarikanti|100297
Shruti|Nagarakanti|100298
Shruti|Nagarakanti|100299
Sarayu|Nagarakanti|100300
Sarayu|Nagarkanti|100301
Sravani|Nagarkanti|100302
Sravani|Nagarkanti|100303
Shruti|Nagarikanti|100304
Shruti|Nagarikanti|100305
Sarayu|Nagarikanti|100306
Sarayu|Nagarakanti|100307
Sravani|Nagarakanti|100308
Sravani|Nagarakanti|100309
Shruti|Nagarkanti|100310
Shruti|Nagarkanti|100311
Sarayu|Nagarkanti|100312
Sarayu|Nagarikanti|100313
Sravani|Nagarikanti|100314
Sravani|Nagarikanti|100315
Shruti|Nagarakanti|100316
Shruti|Nagarakanti|100317
Sarayu|Nagarakanti|100318
Sarayu|Nagarkanti|100319
Sravani|Nagarkanti|100320
Sravani|Nagarkanti|100321
Shruti|Nagarikanti|100322
Shruti|Nagarikanti|100323
Sarayu|Nagarikanti|100324
Sarayu|Nagarakanti|100325
Sravani|Nagarakanti|100326
Sravani|Nagarakanti|100327
Shruti|Nagarkanti|100328
Shruti|Nagarkanti|100329
Sarayu|Nagarkanti|100330
Sarayu|Nagarikanti|100331
Sravani|Nagarikanti|100332
Sravani|Nagarikanti|100333
Shruti|Nagarakanti|100334
Shruti|Nagarakanti|100335
Sarayu|Nagarakanti|100336
Sarayu|Nagarkanti|100337
Sravani|Nagarkanti|100338
Sravani|Nagarkanti|100339
Shruti|Nagarikanti|100340
Shruti|Nagarikanti|100341
Sarayu|Nagarikanti|100342
Sarayu|Nagarakanti|100343
Sravani|Nagarakanti|100344
Sravani|Nagarakanti|100345
Shruti|Nagarkanti|100346
Shruti|Nagarkanti|100347
Sarayu|Nagarkanti|100348
Sarayu|Nagarikanti|100349
Sravani|Nagarikanti|100350
Sravani|Nagarikanti|100351
Shruti|Nagarakanti|100352
Shruti|Nagarakanti|100353
Sarayu|Nagarakanti|100354
Sarayu|Nagarkanti|100355
Sravani|Nagarkanti|100356
Sravani|Nagarkanti|100357
Shruti|Nagarikanti|100358
Shruti|Nagarikanti|100359
Sarayu|Nagarikanti|100360
Sarayu|Nagarakanti|100361
Sravani|Nagarakanti|100362
Sravani|Nagarakanti|100363
Shruti|Nagarkanti|100364
Shruti|Nagarkanti|100365
Sarayu|Nagarkanti|100366
Sarayu|Nagarikanti|100367
Sravani|Nagarikanti|100368
Sravani|Nagarikanti|100369
Shruti|Nagarakanti|100370
Shruti|Nagarakanti|100371
Sarayu|Nagarakanti|100372
Sarayu|Nagarkanti|100373
Sravani|Nagarkanti|100374
Sravani|Nagarkanti|100375
Shruti|Nagarikanti|100376
Shruti|Nagarikanti|100377
Sarayu|Nagarikanti|100378
Sarayu|Nagarakanti|100379
Sravani|Nagarakanti|100380
Sravani|Nagarakanti|100381
Shruti|Nagarkanti|100382
Shruti|Nagarkanti|100383
Sarayu|Nagarkanti|100384
Sarayu|Nagarikanti|100385
Sravani|Nagarikanti|100386
Sravani|Nagarikanti|100387
Shruti|Nagarakanti|100388
Shruti|Nagarakanti|100389
Sarayu|Nagarakanti|100390
Sarayu|Nagarkanti|100391
Sravani|Nagarkanti|100392
Sravani|Nagarkanti|100393
Shruti|Nagarikanti|100394
Shruti|Nagarikanti|100395
Sarayu|Nagarikanti|100396
Sarayu|Nagarakanti|100397
Sravani|Nagarakanti|100398
Sravani|Nagarakanti|100399
Shruti|Nagarkanti|100400
Shruti|Nagarkanti|100401
Sarayu|Nagarkanti|100402
Sarayu|Nagarikanti|100403
Sravani|Nagarikanti|100404
Sravani|Nagarikanti|100405
Shruti|Nagarakanti|100406
Shruti|Nagarakanti|100407
Sarayu|Nagarakanti|100408
Sarayu|Nagarkanti|100409
Sravani|Nagarkanti|100410
Sravani|Nagarkanti|100411
Shruti|Nagarikanti|100412
Shruti|Nagarikanti|100413
Sarayu|Nagarikanti|100414
Sarayu|Nagarakanti|100415
Sravani|Nagarakanti|100416
Sravani|Nagarakanti|100417
Shruti|Nagarkanti|100418
Shruti|Nagarkanti|100419
Sarayu|Nagarkanti|100420
Sarayu|Nagarikanti|100421
Sravani|Nagarikanti|100422
Sravani|Nagarikanti|100423
Shruti|Nagarakanti|100424
Shruti|Nagarakanti|100425
Sarayu|Nagarakanti|100426
Sarayu|Nagarkanti|100427
Sravani|Nagarkanti|100428
Sravani|Nagarkanti|100429
Shruti|Nagarikanti|100430
Shruti|Nagarikanti|100431
Sarayu|Nagarikanti|100432
Sarayu|Nagarakanti|100433
Sravani|Nagarakanti|100434
Sravani|Nagarakanti|100435
Shruti|Nagarkanti|100436
Shruti|Nagarkanti|100437
Sarayu|Nagarkanti|100438
Sarayu|Nagarikanti|100439
Sravani|Nagarikanti|100440
Sravani|Nagarikanti|100441
Shruti|Nagarakanti|100442
Shruti|Nagarakanti|100443
Sarayu|Nagarakanti|100444
Sarayu|Nagarkanti|100445
Sravani|Nagarkanti|100446
Sravani|Nagarkanti|100447
Shruti|Nagarikanti|100448
Shruti|Nagarikanti|100449
Sarayu|Nagarikanti|100450
Sarayu|Nagarakanti|100451
Sravani|Nagarakanti|100452
Sravani|Nagarakanti|100453
Shruti|Nagarkanti|100454
Shruti|Nagarkanti|100455
Sarayu|Nagarkanti|100456
Sarayu|Nagarikanti|100457
Sravani|Nagarikanti|100458
Sravani|Nagarikanti|100459
Shruti|Nagarakanti|100460
Shruti|Nagarakanti|100461
Sarayu|Nagarakanti|100462
Sarayu|Nagarkanti|100463
Sravani|Nagarkanti|100464
Sravani|Nagarkanti|100465
Shruti|Nagarikanti|100466
Shruti|Nagarikanti|100467
Sarayu|Nagarikanti|100468
Sarayu|Nagarakanti|100469
Sravani|Nagarakanti|100470
Sravani|Nagarakanti|100471
Shruti|Nagarkanti|100472
Shruti|Nagarkanti|100473
Sarayu|Nagarkanti|100474
Sarayu|Nagarikanti|100475
Sravani|Nagarikanti|100476
Sravani|Nagarikanti|100477
Shruti|Nagarakanti|100478
Shruti|Nagarakanti|100479
Sarayu|Nagarakanti|100480
Sarayu|Nagarkanti|100481
Sravani|Nagarkanti|100482
Sravani|Nagarkanti|100483
Shruti|Nagarikanti|100484
Shruti|Nagarikanti|100485
Sarayu|Nagarikanti|100486
Sarayu|Nagarakanti|100487
Sravani|Nagarakanti|100488
Sravani|Nagarakanti|100489
Shruti|Nagarkanti|100490
Shruti|Nagarkanti|100491
Sarayu|Nagarkanti|100492
Sarayu|Nagarikanti|100493
Sravani|Nagarikanti|100494
Sravani|Nagarikanti|100495
Shruti|Nagarakanti|100496
Shruti|Nagarakanti|100497
Sarayu|Nagarakanti|100498
Sarayu|Nagarkanti|100499
